<?xml version="1.0" encoding="UTF-8" standalone="yes" ?>
<CodeBlocks_plugin_manifest_file>
    <SdkVersion major="1" minor="29"  release="0" />
    <Plugin name="simulavr-plugin">
        <Value title="simulavr" />
        <Value version="0.8" />
        <Value description="Adds led and temperature control for AVR simulations" />
        <Value author="Doug Sandy" />
        <Value authorEmail="dlsandy@asu.edu" />
        <Value authorWebsite="" />
        <Value thanksTo="" />
        <Value license="GPL" />
    </Plugin>
</CodeBlocks_plugin_manifest_file>
